{
  "timestamp": "2026-03-14 00:48:17",
  "problem": {
    "type": "2-DOF MPC Horizon",
    "horizon": 20,
    "state_dim": 4,
    "control_dim": 2,
    "num_tests": 50
  },
  "solvers": {
    "StuartLandau": {
      "num_solves": 50,
      "mean_ms": 808.9031839370728,
      "median_ms": 754.4580698013306,
      "std_ms": 156.0956677306108,
      "min_ms": 587.0170593261719,
      "max_ms": 1261.357069015503,
      "p95_ms": 1100.2433061599731,
      "p99_ms": 1229.3429017066953,
      "all_times": [
        894.2101001739502,
        716.4778709411621,
        772.8800773620605,
        909.5156192779541,
        655.4920673370361,
        934.3562126159668,
        885.7347965240479,
        778.656005859375,
        695.1422691345215,
        724.0886688232422,
        740.2429580688477,
        657.2620868682861,
        720.6547260284424,
        729.0778160095215,
        668.828010559082,
        665.9808158874512,
        645.4868316650391,
        633.4688663482666,
        637.2878551483154,
        842.0488834381104
      ]
    },
    "OSQP": {
      "num_solves": 50,
      "mean_ms": 2.489047050476074,
      "median_ms": 1.587510108947754,
      "std_ms": 3.6641082178510986,
      "min_ms": 1.2390613555908203,
      "max_ms": 26.797056198120117,
      "p95_ms": 5.541884899139403,
      "p99_ms": 16.673109531402545,
      "all_times": [
        26.797056198120117,
        1.728057861328125,
        1.6281604766845703,
        3.0679702758789062,
        6.1359405517578125,
        3.004789352416992,
        2.26593017578125,
        1.7311573028564453,
        4.687070846557617,
        1.689910888671875,
        1.5430450439453125,
        1.5468597412109375,
        2.0351409912109375,
        1.6570091247558594,
        5.445241928100586,
        1.962900161743164,
        1.3229846954345703,
        1.5332698822021484,
        1.2998580932617188,
        1.3909339904785156
      ]
    }
  }
}